"","indicator","managed_area","habitat_class","size_class","live_date_qual","n_programs","programs","filename","effect","component","group","term","estimate","std.error","conf.low","conf.high"
"1","Size class","Apalachicola Bay Aquatic Preserve","Natural","25-75mm","Estimate",1,"5035","GLMMs/AllDates/ab_sh25to75_glmm_hist2.rds","fixed","cond",NA,"(Intercept)",53.2723404685157,164.634213090111,-282.078325,345.395475
"2","Size class","Apalachicola Bay Aquatic Preserve","Natural","25-75mm","Estimate",1,"5035","GLMMs/AllDates/ab_sh25to75_glmm_hist2.rds","fixed","cond",NA,"meRelYearSampleAge_StdevgrEQQuadIdentifier",-0.107389060138681,0.442668483524825,-0.904810725,0.7931525
"3","Size class","Apalachicola Bay Aquatic Preserve","Natural","25-75mm","Estimate",1,"5035","GLMMs/AllDates/ab_sh25to75_glmm_hist2.rds","ran_pars","cond","Residual","sd__Observation",20.186766191904,1.8407896042821,17.19169,24.3511525
"4","Size class","Apalachicola Bay Aquatic Preserve","Natural","25-75mm","Estimate",1,"5035","GLMMs/AllDates/ab_sh25to75_glmm_hist2.rds","ran_pars","cond","UniversalReefID","sd__(Intercept)",6.80764015965142,8.63242651857335,0.266960225,23.386875
"5","Size class","Apalachicola Bay Aquatic Preserve","Natural",">75mm","Estimate",1,"5035","GLMMs/AllDates/ab_sho75_glmm_hist2.rds","fixed","cond",NA,"(Intercept)",83.8458013005997,16.4313478777206,57.12879,112.3839
"6","Size class","Apalachicola Bay Aquatic Preserve","Natural",">75mm","Estimate",1,"5035","GLMMs/AllDates/ab_sho75_glmm_hist2.rds","fixed","cond",NA,"meRelYearSampleAge_StdevgrEQQuadIdentifier",-0.892875765691529,2.05750312640696,-7.395059,0.00754660074999997
"7","Size class","Apalachicola Bay Aquatic Preserve","Natural",">75mm","Estimate",1,"5035","GLMMs/AllDates/ab_sho75_glmm_hist2.rds","ran_pars","cond","Residual","sd__Observation",37.3668804722639,35.4710308550438,9.80096650000001,146.763825
"8","Size class","Apalachicola Bay Aquatic Preserve","Natural",">75mm","Estimate",1,"5035","GLMMs/AllDates/ab_sho75_glmm_hist2.rds","ran_pars","cond","UniversalReefID","sd__(Intercept)",7.9886196596027,7.93702844793028,0.292194475,28.24557
"9","Size class","Apalachicola National Estuarine Research Reserve","Natural","25-75mm","Exact",4,"c(5063, 5071, 5075, 5073)","GLMMs/AllDates/an_sh25to75_glmm4b.rds","fixed","cond",NA,"(Intercept)",1029.7831218066,1698.63531419231,-2393.40175,4448.7385
"10","Size class","Apalachicola National Estuarine Research Reserve","Natural","25-75mm","Exact",4,"c(5063, 5071, 5075, 5073)","GLMMs/AllDates/an_sh25to75_glmm4b.rds","fixed","cond",NA,"RelYear",-2.30603962181034,3.88979751896277,-10.1238175,5.52396625
"11","Size class","Apalachicola National Estuarine Research Reserve","Natural","25-75mm","Exact",4,"c(5063, 5071, 5075, 5073)","GLMMs/AllDates/an_sh25to75_glmm4b.rds","fixed","cond",NA,"QuadSize_m2",14.5302598322976,17.9307011318034,-19.546015,51.12523
"12","Size class","Apalachicola National Estuarine Research Reserve","Natural","25-75mm","Exact",4,"c(5063, 5071, 5075, 5073)","GLMMs/AllDates/an_sh25to75_glmm4b.rds","ran_pars","cond","UniversalReefID","sd__(Intercept)",17.2334606296852,4.30388269351074,10.4432,27.3064725
"13","Size class","Apalachicola National Estuarine Research Reserve","Natural","25-75mm","Exact",4,"c(5063, 5071, 5075, 5073)","GLMMs/AllDates/an_sh25to75_glmm4b.rds","ran_pars","cond","Residual","sd__Observation",15.7893970014992,1.49610649902637,13.413,19.27033
"14","Size class","Apalachicola National Estuarine Research Reserve","Natural","25-75mm","Estimate",1,"5035","GLMMs/AllDates/an_sh25to75_glmm_hist3.rds","fixed","cond",NA,"(Intercept)",114.100098688156,247.474973068852,-410.3189,497.0224
"15","Size class","Apalachicola National Estuarine Research Reserve","Natural","25-75mm","Estimate",1,"5035","GLMMs/AllDates/an_sh25to75_glmm_hist3.rds","fixed","cond",NA,"meRelYearSampleAge_StdevgrEQQuadIdentifier",-0.241324012031484,0.615961735114939,-1.1949425,1.0606245
"16","Size class","Apalachicola National Estuarine Research Reserve","Natural","25-75mm","Estimate",1,"5035","GLMMs/AllDates/an_sh25to75_glmm_hist3.rds","ran_pars","cond","Residual","sd__Observation",23.2744729385307,1.71306366364413,20.4726025,27.081025
"17","Size class","Apalachicola National Estuarine Research Reserve","Natural","25-75mm","Estimate",1,"5035","GLMMs/AllDates/an_sh25to75_glmm_hist3.rds","ran_pars","cond","UniversalReefID","sd__(Intercept)",14.7315957571214,6.25734120715869,6.09944375,29.365375
"18","Size class","Apalachicola National Estuarine Research Reserve","Natural",">75mm","Exact",3,"c(5063, 5071, 5073)","GLMMs/AllDates/an_sho75_glmm4b.rds","fixed","cond",NA,"(Intercept)",3353.68939724138,3434.99029650155,-3219.52575,10160.1375
"19","Size class","Apalachicola National Estuarine Research Reserve","Natural",">75mm","Exact",3,"c(5063, 5071, 5073)","GLMMs/AllDates/an_sho75_glmm4b.rds","fixed","cond",NA,"RelYear",-7.51234787577586,7.88540264915394,-23.15059,7.57210699999999
"20","Size class","Apalachicola National Estuarine Research Reserve","Natural",">75mm","Exact",3,"c(5063, 5071, 5073)","GLMMs/AllDates/an_sho75_glmm4b.rds","ran_pars","cond","UniversalReefID","sd__(Intercept)",24.8447051986507,8.67126324243144,14.0147175,47.809165
"21","Size class","Apalachicola National Estuarine Research Reserve","Natural",">75mm","Exact",3,"c(5063, 5071, 5073)","GLMMs/AllDates/an_sho75_glmm4b.rds","ran_pars","cond","Residual","sd__Observation",2.64339936506747,2.15459593524507,0.92969545,8.95428175
"22","Size class","Apalachicola National Estuarine Research Reserve","Natural",">75mm","Estimate",1,"5035","GLMMs/AllDates/an_sho75_glmm_hist3.rds","fixed","cond",NA,"(Intercept)",80.5996741311844,9.31797326235059,60.82024,96.9853375
"23","Size class","Apalachicola National Estuarine Research Reserve","Natural",">75mm","Estimate",1,"5035","GLMMs/AllDates/an_sho75_glmm_hist3.rds","fixed","cond",NA,"meRelYearSampleAge_StdevgrEQQuadIdentifier",-0.358576762752324,1.107216428536,-2.9725745,-0.0150179575000001
"24","Size class","Apalachicola National Estuarine Research Reserve","Natural",">75mm","Estimate",1,"5035","GLMMs/AllDates/an_sho75_glmm_hist3.rds","ran_pars","cond","Residual","sd__Observation",27.5927981221889,22.6827255891445,12.5821325,98.0421049999999
"25","Size class","Apalachicola National Estuarine Research Reserve","Natural",">75mm","Estimate",1,"5035","GLMMs/AllDates/an_sho75_glmm_hist3.rds","ran_pars","cond","UniversalReefID","sd__(Intercept)",5.31864689122564,5.58388429412529,0.188116575,17.7435075
"26","Size class","Estero Bay Aquatic Preserve","Natural","25-75mm","Exact",1,"4042","GLMMs/AllDates/eb_sh25to75_glmm5.rds","fixed","cond",NA,"(Intercept)",28.4725029966267,10.7514163673621,7.2517365,49.95025
"27","Size class","Estero Bay Aquatic Preserve","Natural","25-75mm","Exact",1,"4042","GLMMs/AllDates/eb_sh25to75_glmm5.rds","fixed","cond",NA,"RelYear",0.261939854640555,0.220145285353879,-0.175972375,0.687110875
"28","Size class","Estero Bay Aquatic Preserve","Natural","25-75mm","Exact",1,"4042","GLMMs/AllDates/eb_sh25to75_glmm5.rds","fixed","cond",NA,"QuadSize_m2",2.63635500730622,3.44743631130685,-3.93553899999999,9.64434025
"29","Size class","Estero Bay Aquatic Preserve","Natural","25-75mm","Exact",1,"4042","GLMMs/AllDates/eb_sh25to75_glmm5.rds","ran_pars","cond","UniversalReefID","sd__RelYear",0.0736085801724138,0.0140028481730939,0.0498438,0.104615225
"30","Size class","Estero Bay Aquatic Preserve","Natural","25-75mm","Exact",1,"4042","GLMMs/AllDates/eb_sh25to75_glmm5.rds","ran_pars","cond","Residual","sd__Observation",11.2374736131934,0.157727191259245,10.9432875,11.5615975
"31","Size class","Estero Bay Aquatic Preserve","Natural","25-75mm","Estimate",1,"5035","GLMMs/AllDates/eb_sh25to75_glmm_hist3.rds","fixed","cond",NA,"(Intercept)",-93.1582180768366,55.0834040077039,-231.557425,-21.7192525
"32","Size class","Estero Bay Aquatic Preserve","Natural","25-75mm","Estimate",1,"5035","GLMMs/AllDates/eb_sh25to75_glmm_hist3.rds","fixed","cond",NA,"meRelYearSampleAge_StdevgrEQQuadIdentifier",-0.102195001330585,1.27579268645828,-2.5933325,2.5134875
"33","Size class","Estero Bay Aquatic Preserve","Natural","25-75mm","Estimate",1,"5035","GLMMs/AllDates/eb_sh25to75_glmm_hist3.rds","ran_pars","cond","Residual","sd__Observation",56.9930763868066,9.48869038176671,42.8681925,79.77763
"34","Size class","Estero Bay Aquatic Preserve","Natural","25-75mm","Estimate",1,"5035","GLMMs/AllDates/eb_sh25to75_glmm_hist3.rds","ran_pars","cond","UniversalReefID","sd__(Intercept)",36.1505031109445,15.3696214878728,17.184125,77.3944575
"35","Size class","Estero Bay Aquatic Preserve","Natural",">75mm","Exact",1,"4042","GLMMs/AllDates/eb_sho75_glmm4.rds","fixed","cond",NA,"(Intercept)",73.898523261994,25.8443675652507,24.2519875,126.8038
"36","Size class","Estero Bay Aquatic Preserve","Natural",">75mm","Exact",1,"4042","GLMMs/AllDates/eb_sho75_glmm4.rds","fixed","cond",NA,"RelYear",0.199320387744753,0.53254523810195,-0.888354575,1.22240925
"37","Size class","Estero Bay Aquatic Preserve","Natural",">75mm","Exact",1,"4042","GLMMs/AllDates/eb_sho75_glmm4.rds","ran_pars","cond","UniversalReefID","sd__(Intercept)",1.74928907713081,1.38692385131796,0.07386616,5.24036075
"38","Size class","Estero Bay Aquatic Preserve","Natural",">75mm","Exact",1,"4042","GLMMs/AllDates/eb_sho75_glmm4.rds","ran_pars","cond","Residual","sd__Observation",8.55284517616192,0.794753848681091,7.1753625,10.21412
"39","Size class","Estero Bay Aquatic Preserve","Natural",">75mm","Estimate",1,"5035","GLMMs/AllDates/eb_sho75_glmm_hist3.rds","fixed","cond",NA,"(Intercept)",62.7679333770615,13.9383093052496,30.42692,82.56737
"40","Size class","Estero Bay Aquatic Preserve","Natural",">75mm","Estimate",1,"5035","GLMMs/AllDates/eb_sho75_glmm_hist3.rds","fixed","cond",NA,"meRelYearSampleAge_StdevgrEQQuadIdentifier",-1.63944536090705,1.40404786200388,-4.85891675,-0.185532175
"41","Size class","Estero Bay Aquatic Preserve","Natural",">75mm","Estimate",1,"5035","GLMMs/AllDates/eb_sho75_glmm_hist3.rds","ran_pars","cond","Residual","sd__Observation",21.6915448650675,3.53393288445726,16.7278225,30.2030975
"42","Size class","Estero Bay Aquatic Preserve","Natural",">75mm","Estimate",1,"5035","GLMMs/AllDates/eb_sho75_glmm_hist3.rds","ran_pars","cond","UniversalReefID","sd__(Intercept)",11.5098178299813,7.1237951739525,0.983261625,28.1582975
"43","Size class","Guana River Marsh Aquatic Preserve","Natural","25-75mm","Exact",2,"c(4000, 5017)","GLMMs/AllDates/grm_sh25to75_glmm4.rds","fixed","cond",NA,"(Intercept)",-17.6109819169565,34.0915432791988,-89.9947549999999,44.81112
"44","Size class","Guana River Marsh Aquatic Preserve","Natural","25-75mm","Exact",2,"c(4000, 5017)","GLMMs/AllDates/grm_sh25to75_glmm4.rds","fixed","cond",NA,"RelYear",1.26815673767616,1.60230910937906,-1.80909775,4.48082674999999
"45","Size class","Guana River Marsh Aquatic Preserve","Natural","25-75mm","Exact",2,"c(4000, 5017)","GLMMs/AllDates/grm_sh25to75_glmm4.rds","fixed","cond",NA,"NumberMeasured_nALL",8.38481014527736,10.5407269913706,-12.5980925,30.025245
"46","Size class","Guana River Marsh Aquatic Preserve","Natural","25-75mm","Exact",2,"c(4000, 5017)","GLMMs/AllDates/grm_sh25to75_glmm4.rds","ran_pars","cond","UniversalReefID","sd__(Intercept)",30.2179414917541,6.06836730353107,20.9196575,44.05565
"47","Size class","Guana River Marsh Aquatic Preserve","Natural","25-75mm","Exact",2,"c(4000, 5017)","GLMMs/AllDates/grm_sh25to75_glmm4.rds","ran_pars","cond","Residual","sd__Observation",40.435376161919,3.55264752779485,34.59267,48.22659
"48","Size class","Guana River Marsh Aquatic Preserve","Natural","25-75mm","Estimate",1,"5035","GLMMs/AllDates/grm_sh25to75_glmm_hist3c.rds","fixed","cond",NA,"(Intercept)",46.8947603748126,34.9523779501561,-19.2265624999999,109.594
"49","Size class","Guana River Marsh Aquatic Preserve","Natural","25-75mm","Estimate",1,"5035","GLMMs/AllDates/grm_sh25to75_glmm_hist3c.rds","fixed","cond",NA,"meRelYearSampleAge_StdevgrEQQuadIdentifier",-75.5649922488981,223.733723911749,-783.82835,18.28277
"50","Size class","Guana River Marsh Aquatic Preserve","Natural","25-75mm","Estimate",1,"5035","GLMMs/AllDates/grm_sh25to75_glmm_hist3c.rds","ran_pars","cond","Residual","sd__Observation",208.661735457271,275.641916081928,45.192175,961.08345
"51","Size class","Guana River Marsh Aquatic Preserve","Natural","25-75mm","Estimate",1,"5035","GLMMs/AllDates/grm_sh25to75_glmm_hist3c.rds","ran_pars","cond","UniversalReefID","sd__(Intercept)",12.6069274544115,49.2924874245877,0.10211905,85.6495474999998
"52","Size class","Guana River Marsh Aquatic Preserve","Natural",">75mm","Exact",2,"c(4000, 5017)","GLMMs/AllDates/grm_sho75_glmm4.rds","fixed","cond",NA,"(Intercept)",-48.4392150423538,34.9407391779582,-124.430075,14.3405775
"53","Size class","Guana River Marsh Aquatic Preserve","Natural",">75mm","Exact",2,"c(4000, 5017)","GLMMs/AllDates/grm_sho75_glmm4.rds","fixed","cond",NA,"RelYear",1.58824416578411,1.43428129250404,-1.141151,4.4923555
"54","Size class","Guana River Marsh Aquatic Preserve","Natural",">75mm","Exact",2,"c(4000, 5017)","GLMMs/AllDates/grm_sho75_glmm4.rds","fixed","cond",NA,"NumberMeasured_nALL",65.2424858695652,16.0844846061005,37.678355,101.528225
"55","Size class","Guana River Marsh Aquatic Preserve","Natural",">75mm","Exact",2,"c(4000, 5017)","GLMMs/AllDates/grm_sho75_glmm4.rds","ran_pars","cond","UniversalReefID","sd__(Intercept)",14.8256513418291,2.97079818430684,10.06095,21.3011825
"56","Size class","Guana River Marsh Aquatic Preserve","Natural",">75mm","Exact",2,"c(4000, 5017)","GLMMs/AllDates/grm_sho75_glmm4.rds","ran_pars","cond","Residual","sd__Observation",25.5169958770615,1.79103629694958,22.5180825,29.489955
"57","Size class","Guana River Marsh Aquatic Preserve","Natural",">75mm","Estimate",1,"5035","GLMMs/AllDates/grm_sho75_glmm_hist4.rds","fixed","cond",NA,"(Intercept)",66.5942932908546,7.40254330533958,49.01563,78.4404375
"58","Size class","Guana River Marsh Aquatic Preserve","Natural",">75mm","Estimate",1,"5035","GLMMs/AllDates/grm_sho75_glmm_hist4.rds","fixed","cond",NA,"meRelYearSampleAge_StdevgrEQQuadIdentifier",1.26526654625937,5.0301029470387,-9.98235,11.4340975
"59","Size class","Guana River Marsh Aquatic Preserve","Natural",">75mm","Estimate",1,"5035","GLMMs/AllDates/grm_sho75_glmm_hist4.rds","ran_pars","cond","Residual","sd__Observation",21.2569100074963,1.54301264162823,18.56384,24.74905
"60","Size class","Guana River Marsh Aquatic Preserve","Natural",">75mm","Estimate",1,"5035","GLMMs/AllDates/grm_sho75_glmm_hist4.rds","ran_pars","cond","UniversalReefID","sd__meRelYearSampleAge_StdevgrEQQuadIdentifier",3.68608232022901,5.70872114760524,0.0637627700000001,19.29393
"61","Size class","Guana Tolomato Matanzas National Estuarine Research Reserve","Natural","25-75mm","Exact",2,"c(4000, 5017)","GLMMs/AllDates/gtmn_sh25to75_glmm5.rds","fixed","cond",NA,"(Intercept)",-252.2885036994,118.269397029229,-495.765275,-25.6023925000001
"62","Size class","Guana Tolomato Matanzas National Estuarine Research Reserve","Natural","25-75mm","Exact",2,"c(4000, 5017)","GLMMs/AllDates/gtmn_sh25to75_glmm5.rds","fixed","cond",NA,"RelYear",2.27772494244753,1.06868361590264,0.218966700000001,4.43465825
"63","Size class","Guana Tolomato Matanzas National Estuarine Research Reserve","Natural","25-75mm","Exact",2,"c(4000, 5017)","GLMMs/AllDates/gtmn_sh25to75_glmm5.rds","fixed","cond",NA,"NumberMeasured_nALL",2.44663892565592,5.42479990177452,-8.01094375,13.2969475
"64","Size class","Guana Tolomato Matanzas National Estuarine Research Reserve","Natural","25-75mm","Exact",2,"c(4000, 5017)","GLMMs/AllDates/gtmn_sh25to75_glmm5.rds","fixed","cond",NA,"Region.yFortMatanzas",15.9002742312594,8.18533882685117,0.716514575000007,32.8783475
"65","Size class","Guana Tolomato Matanzas National Estuarine Research Reserve","Natural","25-75mm","Exact",2,"c(4000, 5017)","GLMMs/AllDates/gtmn_sh25to75_glmm5.rds","fixed","cond",NA,"Region.yGuanaRiver",22.7527751386807,8.13753621206576,7.465127,39.548955
"66","Size class","Guana Tolomato Matanzas National Estuarine Research Reserve","Natural","25-75mm","Exact",2,"c(4000, 5017)","GLMMs/AllDates/gtmn_sh25to75_glmm5.rds","fixed","cond",NA,"Region.yPellicerFlats",-81.1155602323838,12.4902856806514,-107.86575,-59.1140875
"67","Size class","Guana Tolomato Matanzas National Estuarine Research Reserve","Natural","25-75mm","Exact",2,"c(4000, 5017)","GLMMs/AllDates/gtmn_sh25to75_glmm5.rds","fixed","cond",NA,"Region.ySaltRun",31.2100252323838,8.94711756219695,14.9616175,49.978865
"68","Size class","Guana Tolomato Matanzas National Estuarine Research Reserve","Natural","25-75mm","Exact",2,"c(4000, 5017)","GLMMs/AllDates/gtmn_sh25to75_glmm5.rds","fixed","cond",NA,"Region.ySt.Augustine",9.64766349618066,15.2022466796936,-19.5099975,40.2679299999999
"69","Size class","Guana Tolomato Matanzas National Estuarine Research Reserve","Natural","25-75mm","Exact",2,"c(4000, 5017)","GLMMs/AllDates/gtmn_sh25to75_glmm5.rds","fixed","cond",NA,"Region.yTolomatoRiver",3.99203646518741,9.24719558762552,-13.512455,22.262065
"70","Size class","Guana Tolomato Matanzas National Estuarine Research Reserve","Natural","25-75mm","Exact",2,"c(4000, 5017)","GLMMs/AllDates/gtmn_sh25to75_glmm5.rds","ran_pars","cond","UniversalReefID","sd__(Intercept)",25.0201009370315,3.09867625869271,19.7227275,31.8471625
"71","Size class","Guana Tolomato Matanzas National Estuarine Research Reserve","Natural","25-75mm","Exact",2,"c(4000, 5017)","GLMMs/AllDates/gtmn_sh25to75_glmm5.rds","ran_pars","cond","Residual","sd__Observation",38.9978781109445,2.12571181555327,35.3261675,43.6429275
"72","Size class","Guana Tolomato Matanzas National Estuarine Research Reserve","Natural","25-75mm","Estimate",1,"5035","GLMMs/AllDates/gtmn_sh25to75_glmm_hist5.rds","fixed","cond",NA,"(Intercept)",-72.9210282455022,29.3004737409618,-128.562225,-19.5068175000001
"73","Size class","Guana Tolomato Matanzas National Estuarine Research Reserve","Natural","25-75mm","Estimate",1,"5035","GLMMs/AllDates/gtmn_sh25to75_glmm_hist5.rds","fixed","cond",NA,"Region.yGuanaRiver",153.022366341829,24.936416184284,103.37865,201.555625
"74","Size class","Guana Tolomato Matanzas National Estuarine Research Reserve","Natural","25-75mm","Estimate",1,"5035","GLMMs/AllDates/gtmn_sh25to75_glmm_hist5.rds","fixed","cond",NA,"Region.yPellicerFlats",137.249001086957,24.9571316014731,88.474365,184.752375
"75","Size class","Guana Tolomato Matanzas National Estuarine Research Reserve","Natural","25-75mm","Estimate",1,"5035","GLMMs/AllDates/gtmn_sh25to75_glmm_hist5.rds","ran_pars","cond","Residual","sd__Observation",96.0048008995502,24.6894868552666,61.647415,156.198075
"76","Size class","Guana Tolomato Matanzas National Estuarine Research Reserve","Natural","25-75mm","Estimate",1,"5035","GLMMs/AllDates/gtmn_sh25to75_glmm_hist5.rds","ran_pars","cond","UniversalReefID","sd__(Intercept)",5.55275441547976,14.2317954701514,0.0927152625000001,36.7518524999999
"77","Size class","Guana Tolomato Matanzas National Estuarine Research Reserve","Natural","25-75mm","Estimate",1,"5035","GLMMs/AllDates/gtmn_sh25to75_glmm_hist5.rds","ran_pars","cond","UniversalReefID","sd__RelYear",2.43139720052474,1.47057254433066,0.817523025,6.1979025
"78","Size class","Guana Tolomato Matanzas National Estuarine Research Reserve","Natural","25-75mm","Estimate",1,"5035","GLMMs/AllDates/gtmn_sh25to75_glmm_hist5.rds","ran_pars","cond","UniversalReefID","cor__(Intercept).RelYear",-0.0239531225861319,0.567788695152091,-0.9332784,0.943880975
"79","Size class","Guana Tolomato Matanzas National Estuarine Research Reserve","Natural",">75mm","Exact",2,"c(4000, 5017)","GLMMs/AllDates/gtmn_sho75_glmm6.rds","fixed","cond",NA,"(Intercept)",-309.533974041229,165.022533764626,-656.67125,-11.38186
"80","Size class","Guana Tolomato Matanzas National Estuarine Research Reserve","Natural",">75mm","Exact",2,"c(4000, 5017)","GLMMs/AllDates/gtmn_sho75_glmm6.rds","fixed","cond",NA,"RelYear",2.69328709333733,1.46269957301152,-0.00925512499999868,5.72592725
"81","Size class","Guana Tolomato Matanzas National Estuarine Research Reserve","Natural",">75mm","Exact",2,"c(4000, 5017)","GLMMs/AllDates/gtmn_sho75_glmm6.rds","fixed","cond",NA,"NumberMeasured_nALL",36.578797935907,12.4140021471768,12.23073,60.904665
"82","Size class","Guana Tolomato Matanzas National Estuarine Research Reserve","Natural",">75mm","Exact",2,"c(4000, 5017)","GLMMs/AllDates/gtmn_sho75_glmm6.rds","fixed","cond",NA,"Region.yFortMatanzas",1.32442902890667,3.99366765802429,-5.20984875,12.07661
"83","Size class","Guana Tolomato Matanzas National Estuarine Research Reserve","Natural",">75mm","Exact",2,"c(4000, 5017)","GLMMs/AllDates/gtmn_sho75_glmm6.rds","fixed","cond",NA,"Region.yGuanaRiver",24.7689900213643,6.90895985235222,11.3260075,38.43398
"84","Size class","Guana Tolomato Matanzas National Estuarine Research Reserve","Natural",">75mm","Exact",2,"c(4000, 5017)","GLMMs/AllDates/gtmn_sho75_glmm6.rds","fixed","cond",NA,"Region.yPellicerFlats",-8.88137063181034,21.0897343620965,-78.5259625,6.97257
"85","Size class","Guana Tolomato Matanzas National Estuarine Research Reserve","Natural",">75mm","Exact",2,"c(4000, 5017)","GLMMs/AllDates/gtmn_sho75_glmm6.rds","fixed","cond",NA,"Region.ySaltRun",19.2037918648801,8.39728463279335,1.27695775,35.232535
"86","Size class","Guana Tolomato Matanzas National Estuarine Research Reserve","Natural",">75mm","Exact",2,"c(4000, 5017)","GLMMs/AllDates/gtmn_sho75_glmm6.rds","fixed","cond",NA,"Region.ySt.Augustine",-1.06597088303898,5.25645381218384,-14.93628,7.80547774999999
"87","Size class","Guana Tolomato Matanzas National Estuarine Research Reserve","Natural",">75mm","Exact",2,"c(4000, 5017)","GLMMs/AllDates/gtmn_sho75_glmm6.rds","fixed","cond",NA,"Region.yTolomatoRiver",-0.219653711401049,3.77513886606931,-8.6285695,7.51406925
"88","Size class","Guana Tolomato Matanzas National Estuarine Research Reserve","Natural",">75mm","Exact",2,"c(4000, 5017)","GLMMs/AllDates/gtmn_sho75_glmm6.rds","ran_pars","cond","UniversalReefID","sd__RelYear",0.165419019490255,0.0249291930867131,0.1234491,0.21910885
"89","Size class","Guana Tolomato Matanzas National Estuarine Research Reserve","Natural",">75mm","Exact",2,"c(4000, 5017)","GLMMs/AllDates/gtmn_sho75_glmm6.rds","ran_pars","cond","Residual","sd__Observation",26.2192097826087,1.507808324192,23.5728075,29.480785
"90","Size class","Guana Tolomato Matanzas National Estuarine Research Reserve","Natural",">75mm","Estimate",1,"5035","GLMMs/AllDates/gtmn_sho75_glmm_hist22.rds","fixed","cond",NA,"(Intercept)",127.3943109065,43.4548993124639,49.7398875,216.097075
"91","Size class","Guana Tolomato Matanzas National Estuarine Research Reserve","Natural",">75mm","Estimate",1,"5035","GLMMs/AllDates/gtmn_sho75_glmm_hist22.rds","fixed","cond",NA,"Region.yGuanaRiver",-24.852314473325,47.1783243331251,-142.75305,35.526655
"92","Size class","Guana Tolomato Matanzas National Estuarine Research Reserve","Natural",">75mm","Estimate",1,"5035","GLMMs/AllDates/gtmn_sho75_glmm_hist22.rds","fixed","cond",NA,"Region.yPellicerFlats",-16.4047780829,33.3437193494825,-73.1659275,58.1363925
"93","Size class","Guana Tolomato Matanzas National Estuarine Research Reserve","Natural",">75mm","Estimate",1,"5035","GLMMs/AllDates/gtmn_sho75_glmm_hist22.rds","ran_pars","cond","Residual","sd__Observation",21.906585475,1.68131674884122,19.0520025,25.666215
"94","Size class","Guana Tolomato Matanzas National Estuarine Research Reserve","Natural",">75mm","Estimate",1,"5035","GLMMs/AllDates/gtmn_sho75_glmm_hist22.rds","ran_pars","cond","UniversalReefID","sd__(Intercept)",15.375227289475,12.4297541555014,0.631680050000001,46.2561975
"95","Size class","Guana Tolomato Matanzas National Estuarine Research Reserve","Natural",">75mm","Estimate",1,"5035","GLMMs/AllDates/gtmn_sho75_glmm_hist22.rds","ran_pars","cond","UniversalReefID","sd__RelYear",0.551917377674,0.378007192983058,0.0568893775000001,1.4951685
"96","Size class","Guana Tolomato Matanzas National Estuarine Research Reserve","Natural",">75mm","Estimate",1,"5035","GLMMs/AllDates/gtmn_sho75_glmm_hist22.rds","ran_pars","cond","UniversalReefID","cor__(Intercept).RelYear",-0.40985742062925,0.550594492231134,-0.9894514,0.86239595
"97","Size class","Indian River-Vero Beach to Ft. Pierce Aquatic Preserve","Natural","25-75mm","Estimate",2,"c(4016, 5035)","GLMMs/AllDates/irvbfp_sh25to75_glmm_hist3.rds","fixed","cond",NA,"(Intercept)",33.6066224275862,22.7936401508785,-4.92005599999998,66.067945
"98","Size class","Indian River-Vero Beach to Ft. Pierce Aquatic Preserve","Natural","25-75mm","Estimate",2,"c(4016, 5035)","GLMMs/AllDates/irvbfp_sh25to75_glmm_hist3.rds","fixed","cond",NA,"meRelYearSampleAge_StdevgrEQQuadIdentifier",53.8867735014992,61.9343272513755,-13.222285,145.504375
"99","Size class","Indian River-Vero Beach to Ft. Pierce Aquatic Preserve","Natural","25-75mm","Estimate",2,"c(4016, 5035)","GLMMs/AllDates/irvbfp_sh25to75_glmm_hist3.rds","ran_pars","cond","Residual","sd__Observation",68.2114786731634,17.6302364479187,41.07668,107.48145
"100","Size class","Indian River-Vero Beach to Ft. Pierce Aquatic Preserve","Natural","25-75mm","Estimate",2,"c(4016, 5035)","GLMMs/AllDates/irvbfp_sh25to75_glmm_hist3.rds","ran_pars","cond","UniversalReefID","sd__(Intercept)",12.4255800790855,14.6200436103663,0.477002325,43.2340724999999
"101","Size class","Indian River-Vero Beach to Ft. Pierce Aquatic Preserve","Natural",">75mm","Estimate",2,"c(4016, 5035)","GLMMs/AllDates/irvbfp_sho75_glmm_hist6.rds","fixed","cond",NA,"(Intercept)",88.0613778804348,12.7116321456255,60.9795625,113.122875
"102","Size class","Indian River-Vero Beach to Ft. Pierce Aquatic Preserve","Natural",">75mm","Estimate",2,"c(4016, 5035)","GLMMs/AllDates/irvbfp_sho75_glmm_hist6.rds","fixed","cond",NA,"RelYear",-1.05610147441192,0.493651724511453,-2.21228125,-0.33366275
"103","Size class","Indian River-Vero Beach to Ft. Pierce Aquatic Preserve","Natural",">75mm","Estimate",2,"c(4016, 5035)","GLMMs/AllDates/irvbfp_sho75_glmm_hist6.rds","ran_pars","cond","UniversalReefID","sd__(Intercept)",10.8342377571496,11.0769915298883,0.30149975,38.9034125
"104","Size class","Indian River-Vero Beach to Ft. Pierce Aquatic Preserve","Natural",">75mm","Estimate",2,"c(4016, 5035)","GLMMs/AllDates/irvbfp_sho75_glmm_hist6.rds","ran_pars","cond","Residual","sd__Observation",20.6862652923538,4.07312180370012,14.6164625,30.645525
"105","Size class","Lemon Bay Aquatic Preserve","Natural","25-75mm","Estimate",1,"5035","GLMMs/AllDates/lb_sh25to75_glmm_hist4.rds","fixed","cond",NA,"(Intercept)",12.4953426199175,16.9049695814668,-16.443965,49.445645
"106","Size class","Lemon Bay Aquatic Preserve","Natural","25-75mm","Estimate",1,"5035","GLMMs/AllDates/lb_sh25to75_glmm_hist4.rds","fixed","cond",NA,"meRelYearSampleAge_StdevgrEQQuadIdentifier",0.0121012845,0.669339991485672,-1.69510575,0.8260949
"107","Size class","Lemon Bay Aquatic Preserve","Natural","25-75mm","Estimate",1,"5035","GLMMs/AllDates/lb_sh25to75_glmm_hist4.rds","ran_pars","cond","Residual","sd__Observation",24.50693085,2.18246830240809,20.9789025,29.55624
"108","Size class","Lemon Bay Aquatic Preserve","Natural","25-75mm","Estimate",1,"5035","GLMMs/AllDates/lb_sh25to75_glmm_hist4.rds","ran_pars","cond","UniversalReefID","sd__(Intercept)",4.7799323675195,5.62924063134579,0.1162386,19.505325
"109","Size class","Lemon Bay Aquatic Preserve","Natural",">75mm","Estimate",1,"5035","GLMMs/AllDates/lb_sho75_glmm_hist14.rds","fixed","cond",NA,"(Intercept)",64.904035148051,14.5698721433942,29.2127375,83.9102
"110","Size class","Lemon Bay Aquatic Preserve","Natural",">75mm","Estimate",1,"5035","GLMMs/AllDates/lb_sho75_glmm_hist14.rds","fixed","cond",NA,"RelYear",0.0498568762341848,0.261229403510678,-0.458072125,0.5789785
"111","Size class","Lemon Bay Aquatic Preserve","Natural",">75mm","Estimate",1,"5035","GLMMs/AllDates/lb_sho75_glmm_hist14.rds","ran_pars","cond","UniversalReefID","sd__(Intercept)",4.79370636559595,5.43628871721147,0.133699625,18.9476875
"112","Size class","Lemon Bay Aquatic Preserve","Natural",">75mm","Estimate",1,"5035","GLMMs/AllDates/lb_sho75_glmm_hist14.rds","ran_pars","cond","Residual","sd__Observation",13.0078134707646,2.94796077960099,8.87374125,20.226375
"113","Size class","St. Martins Marsh Aquatic Preserve","Natural","35-75mm","Estimate",1,"5072","GLMMs/AllDates/smm_sh35to75_glmm_hist2.rds","fixed","cond",NA,"(Intercept)",69.8660818215892,2.32198541649196,65.89525,75.0211125
"114","Size class","St. Martins Marsh Aquatic Preserve","Natural","35-75mm","Estimate",1,"5072","GLMMs/AllDates/smm_sh35to75_glmm_hist2.rds","fixed","cond",NA,"RelYear",0.00260819919385465,0.0030246838714188,-0.003339181,0.008645585
"115","Size class","St. Martins Marsh Aquatic Preserve","Natural","35-75mm","Estimate",1,"5072","GLMMs/AllDates/smm_sh35to75_glmm_hist2.rds","ran_pars","cond","Residual","sd__Observation",12.3261835794603,0.943016043973017,10.76626,14.4718675
"116","Size class","St. Martins Marsh Aquatic Preserve","Natural",">75mm","Estimate",1,"5072","GLMMs/AllDates/smm_sho75_glmm_hist2.rds","fixed","cond",NA,"(Intercept)",39.6158611605697,16.9240650700463,-1.880652,64.48055
"117","Size class","St. Martins Marsh Aquatic Preserve","Natural",">75mm","Estimate",1,"5072","GLMMs/AllDates/smm_sho75_glmm_hist2.rds","fixed","cond",NA,"RelYear",-0.0217605323614025,0.0126642677995387,-0.0494932025,0.000806995774999983
"118","Size class","St. Martins Marsh Aquatic Preserve","Natural",">75mm","Estimate",1,"5072","GLMMs/AllDates/smm_sho75_glmm_hist2.rds","ran_pars","cond","Residual","sd__Observation",37.0217632683658,4.27541819509475,30.3038525,46.63875
"119","Density","Apalachicola Bay Aquatic Preserve","Natural","NA","Exact",2,"c(5063, 5073)","GLMMs/AllDates/ab_den_glmm9.rds","fixed","cond",NA,"(Intercept)",97.6409013249625,38.9378799553722,21.23747,171.9832
"120","Density","Apalachicola Bay Aquatic Preserve","Natural","NA","Exact",2,"c(5063, 5073)","GLMMs/AllDates/ab_den_glmm9.rds","fixed","cond",NA,"RelYear",-0.242481886024363,0.0988924413458468,-0.432897825,-0.0482567225000001
"121","Density","Apalachicola Bay Aquatic Preserve","Natural","NA","Exact",2,"c(5063, 5073)","GLMMs/AllDates/ab_den_glmm9.rds","ran_pars","cond","UniversalReefID","sd__RelYear",0.00608125117691154,0.00133086913450505,0.003740818,0.00906005225
"122","Density","Apalachicola National Estuarine Research Reserve","Natural","NA","Exact",3,"c(5063, 5075, 5073)","GLMMs/AllDates/an_den_glmm11.rds","fixed","cond",NA,"(Intercept)",76.1341859111694,31.3659458264318,15.57215,137.933575
"123","Density","Apalachicola National Estuarine Research Reserve","Natural","NA","Exact",3,"c(5063, 5075, 5073)","GLMMs/AllDates/an_den_glmm11.rds","fixed","cond",NA,"RelYear",-0.168312138990255,0.0718120997650847,-0.3097278,-0.0294673575000001
"124","Density","Apalachicola National Estuarine Research Reserve","Natural","NA","Exact",3,"c(5063, 5075, 5073)","GLMMs/AllDates/an_den_glmm11.rds","fixed","cond",NA,"SubtidalTRUE",-0.849487818197151,1.33763064460682,-3.36837025,1.8804885
"125","Density","Apalachicola National Estuarine Research Reserve","Natural","NA","Exact",3,"c(5063, 5075, 5073)","GLMMs/AllDates/an_den_glmm11.rds","ran_pars","cond","UniversalReefID","sd__RelYear",0.00749817105322339,0.0018291762168337,0.00329884,0.01092943
"126","Density","Estero Bay Aquatic Preserve","Natural","NA","Exact",1,"4042","GLMMs/AllDates/eb_den_glmm10.rds","fixed","cond",NA,"(Intercept)",6.67450566131934,2.11581876023915,2.5480345,10.7169925
"127","Density","Estero Bay Aquatic Preserve","Natural","NA","Exact",1,"4042","GLMMs/AllDates/eb_den_glmm10.rds","fixed","cond",NA,"RelYear",-0.000495198620164918,0.0433406806376455,-0.082720745,0.085091285
"128","Density","Estero Bay Aquatic Preserve","Natural","NA","Exact",1,"4042","GLMMs/AllDates/eb_den_glmm10.rds","ran_pars","cond","UniversalReefID","sd__(Intercept)",0.406219378035982,0.130343739059002,0.1928378,0.69538355
"129","Density","Guana River Marsh Aquatic Preserve","Natural","NA","Exact",2,"c(5017, 4000)","GLMMs/AllDates/grm_den_glmm6.rds","fixed","cond",NA,"(Intercept)",7.52398577961019,0.750706982273676,6.08125075,9.026918
"130","Density","Guana River Marsh Aquatic Preserve","Natural","NA","Exact",2,"c(5017, 4000)","GLMMs/AllDates/grm_den_glmm6.rds","fixed","cond",NA,"RelYear",-0.0188871342912294,0.0393218559042129,-0.0970366025,0.0575738324999999
"131","Density","Guana River Marsh Aquatic Preserve","Natural","NA","Exact",2,"c(5017, 4000)","GLMMs/AllDates/grm_den_glmm6.rds","ran_pars","cond","UniversalReefID","sd__(Intercept)",0.498730321214393,0.0771340108261954,0.36145755,0.66536925
"132","Density","Guana Tolomato Matanzas National Estuarine Research Reserve","Natural","NA","Exact",2,"c(5017, 4000)","GLMMs/AllDates/gtmn_den_glmm18.rds","fixed","cond",NA,"(Intercept)",-4.51191530493253,7.04110210819067,-18.9297675,8.86402749999999
"133","Density","Guana Tolomato Matanzas National Estuarine Research Reserve","Natural","NA","Exact",2,"c(5017, 4000)","GLMMs/AllDates/gtmn_den_glmm18.rds","fixed","cond",NA,"RelYear",0.108132359315592,0.0646153501364363,-0.014975965,0.240315175
"134","Density","Guana Tolomato Matanzas National Estuarine Research Reserve","Natural","NA","Exact",2,"c(5017, 4000)","GLMMs/AllDates/gtmn_den_glmm18.rds","fixed","cond",NA,"Region.yFortMatanzas",21.3439308944903,12.8137323479596,-3.12835025,46.9832125
"135","Density","Guana Tolomato Matanzas National Estuarine Research Reserve","Natural","NA","Exact",2,"c(5017, 4000)","GLMMs/AllDates/gtmn_den_glmm18.rds","fixed","cond",NA,"Region.yGuanaRiver",13.4135140312219,8.5359372898495,-3.26419325,29.9212075
"136","Density","Guana Tolomato Matanzas National Estuarine Research Reserve","Natural","NA","Exact",2,"c(5017, 4000)","GLMMs/AllDates/gtmn_den_glmm18.rds","fixed","cond",NA,"Region.yPellicerFlats",-1.81840608031484,16.4648382871799,-35.0359475,29.464155
"137","Density","Guana Tolomato Matanzas National Estuarine Research Reserve","Natural","NA","Exact",2,"c(5017, 4000)","GLMMs/AllDates/gtmn_den_glmm18.rds","fixed","cond",NA,"Region.ySaltRun",-1.89975754572264,12.9382856033224,-26.203685,22.9782
"138","Density","Guana Tolomato Matanzas National Estuarine Research Reserve","Natural","NA","Exact",2,"c(5017, 4000)","GLMMs/AllDates/gtmn_den_glmm18.rds","fixed","cond",NA,"Region.ySt.Augustine",51.1111592667541,74.5451594110748,-95.209465,200.457175
"139","Density","Guana Tolomato Matanzas National Estuarine Research Reserve","Natural","NA","Exact",2,"c(5017, 4000)","GLMMs/AllDates/gtmn_den_glmm18.rds","fixed","cond",NA,"Region.yTolomatoRiver",19.3883719326537,13.6144325271478,-5.9835365,46.2142325
"140","Density","Guana Tolomato Matanzas National Estuarine Research Reserve","Natural","NA","Exact",2,"c(5017, 4000)","GLMMs/AllDates/gtmn_den_glmm18.rds","fixed","cond",NA,"RelYear:Region.yFortMatanzas",-0.197354449556597,0.117641841669126,-0.4328276,0.0270527875
"141","Density","Guana Tolomato Matanzas National Estuarine Research Reserve","Natural","NA","Exact",2,"c(5017, 4000)","GLMMs/AllDates/gtmn_den_glmm18.rds","fixed","cond",NA,"RelYear:Region.yGuanaRiver",-0.123719692146439,0.0782983638764724,-0.275348025,0.02893764
"142","Density","Guana Tolomato Matanzas National Estuarine Research Reserve","Natural","NA","Exact",2,"c(5017, 4000)","GLMMs/AllDates/gtmn_den_glmm18.rds","fixed","cond",NA,"RelYear:Region.yPellicerFlats",0.0217466791068216,0.151309533985709,-0.26517965,0.327977975
"143","Density","Guana Tolomato Matanzas National Estuarine Research Reserve","Natural","NA","Exact",2,"c(5017, 4000)","GLMMs/AllDates/gtmn_den_glmm18.rds","fixed","cond",NA,"RelYear:Region.ySaltRun",0.0156391767113943,0.119067937499455,-0.213172725,0.24130385
"144","Density","Guana Tolomato Matanzas National Estuarine Research Reserve","Natural","NA","Exact",2,"c(5017, 4000)","GLMMs/AllDates/gtmn_den_glmm18.rds","fixed","cond",NA,"RelYear:Region.ySt.Augustine",-0.471951111171664,0.685747648889796,-1.8443515,0.877725475
"145","Density","Guana Tolomato Matanzas National Estuarine Research Reserve","Natural","NA","Exact",2,"c(5017, 4000)","GLMMs/AllDates/gtmn_den_glmm18.rds","fixed","cond",NA,"RelYear:Region.yTolomatoRiver",-0.179842350618868,0.125206565030839,-0.426247775,0.0533122125
"146","Density","Guana Tolomato Matanzas National Estuarine Research Reserve","Natural","NA","Exact",2,"c(5017, 4000)","GLMMs/AllDates/gtmn_den_glmm18.rds","ran_pars","cond","UniversalReefID","sd__(Intercept)",0.535721474887556,0.0460721810801194,0.4487945,0.63193755
"147","Density","Lemon Bay Aquatic Preserve","Natural","NA","Exact",1,"972","GLMMs/AllDates/lb_den_glmm6.rds","fixed","cond",NA,"(Intercept)",8.34197148425787,0.649820799021192,7.03702575,9.5562725
"148","Density","Lemon Bay Aquatic Preserve","Natural","NA","Exact",1,"972","GLMMs/AllDates/lb_den_glmm6.rds","fixed","cond",NA,"RelYear",-0.0316628593072714,0.0109996236085541,-0.0526955125,-0.00950528825000001
"149","Density","Lemon Bay Aquatic Preserve","Natural","NA","Exact",1,"972","GLMMs/AllDates/lb_den_glmm6.rds","ran_pars","cond","ReefIdentifier","sd__(Intercept)",0.770157952398801,0.31292409197369,0.388778125,1.5999325
"150","Density","Pine Island Sound Aquatic Preserve","Natural","NA","Exact",1,"4012","GLMMs/AllDates/pis_den_glmm9.rds","fixed","cond",NA,"(Intercept)",6.45666559595202,0.406276624219274,5.718836,7.306295
"151","Density","Pine Island Sound Aquatic Preserve","Natural","NA","Exact",1,"4012","GLMMs/AllDates/pis_den_glmm9.rds","fixed","cond",NA,"RelYear",-0.674060037518741,1.08665832704577,-2.850187,1.59281475
"152","Density","Pine Island Sound Aquatic Preserve","Natural","NA","Exact",1,"4012","GLMMs/AllDates/pis_den_glmm9.rds","ran_pars","cond","UniversalReefID","sd__RelYear",2.38246445352324,1.91571835075234,0.593780675,7.67852099999998
"153","Density","Pine Island Sound Aquatic Preserve","Restored","NA","Exact",1,"4012","GLMMs/AllDates/pisr_den_glmm12.rds","fixed","cond",NA,"(Intercept)",3.63352841791604,1.5218713292181,0.8990564,6.23362
"154","Density","Pine Island Sound Aquatic Preserve","Restored","NA","Exact",1,"4012","GLMMs/AllDates/pisr_den_glmm12.rds","fixed","cond",NA,"RelYear",0.147218104701559,0.135402528597493,0.00385780075,0.500686625
"155","Density","Pine Island Sound Aquatic Preserve","Restored","NA","Exact",1,"4012","GLMMs/AllDates/pisr_den_glmm12.rds","fixed","cond",NA,"QuadSize_m2",2.43792740437406,1.44271014213932,0.0984438525000001,4.87154
"156","Percent live","Guana River Marsh Aquatic Preserve","Natural","NA","Exact",2,"c(4000, 5017)","GLMMs/AllDates/grm_pct_glmm3.rds","fixed","cond",NA,"(Intercept)",-2.68947868815592,0.212312873969283,-3.107891,-2.26352
"157","Percent live","Guana River Marsh Aquatic Preserve","Natural","NA","Exact",2,"c(4000, 5017)","GLMMs/AllDates/grm_pct_glmm3.rds","fixed","cond",NA,"RelYear",0.0816738073463268,0.00996463011517046,0.0618781425,0.10067275
"158","Percent live","Guana River Marsh Aquatic Preserve","Natural","NA","Exact",2,"c(4000, 5017)","GLMMs/AllDates/grm_pct_glmm3.rds","ran_pars","cond","UniversalReefID","sd__(Intercept)",0.708224994752624,0.0728503316126578,0.5817561,0.869247225
"159","Percent live","Guana Tolomato Matanzas National Estuarine Research Reserve","Natural","NA","Exact",2,"c(4000, 5017)","GLMMs/AllDates/gtmn_pct_glmm6.rds","fixed","cond",NA,"(Intercept)",-15.9588396551724,1.88535896762582,-19.87716,-12.1573675
"160","Percent live","Guana Tolomato Matanzas National Estuarine Research Reserve","Natural","NA","Exact",2,"c(4000, 5017)","GLMMs/AllDates/gtmn_pct_glmm6.rds","fixed","cond",NA,"RelYear",0.135178407121439,0.0172058460631574,0.10027865,0.17107885
"161","Percent live","Guana Tolomato Matanzas National Estuarine Research Reserve","Natural","NA","Exact",2,"c(4000, 5017)","GLMMs/AllDates/gtmn_pct_glmm6.rds","fixed","cond",NA,"Region.yFortMatanzas",-23.099661338081,4.61563347401216,-31.78363,-13.4281375
"162","Percent live","Guana Tolomato Matanzas National Estuarine Research Reserve","Natural","NA","Exact",2,"c(4000, 5017)","GLMMs/AllDates/gtmn_pct_glmm6.rds","fixed","cond",NA,"Region.yGuanaRiver",5.06968233652549,2.18636503091461,0.694469275000002,9.47992675
"163","Percent live","Guana Tolomato Matanzas National Estuarine Research Reserve","Natural","NA","Exact",2,"c(4000, 5017)","GLMMs/AllDates/gtmn_pct_glmm6.rds","fixed","cond",NA,"Region.yPellicerFlats",16.2698462893553,4.4218585867153,8.1911495,24.704875
"164","Percent live","Guana Tolomato Matanzas National Estuarine Research Reserve","Natural","NA","Exact",2,"c(4000, 5017)","GLMMs/AllDates/gtmn_pct_glmm6.rds","fixed","cond",NA,"Region.ySaltRun",-43.7957578710645,3.58777622078642,-50.60187,-37.044185
"165","Percent live","Guana Tolomato Matanzas National Estuarine Research Reserve","Natural","NA","Exact",2,"c(4000, 5017)","GLMMs/AllDates/gtmn_pct_glmm6.rds","fixed","cond",NA,"Region.ySt.Augustine",21.4176039416154,86.818546031169,-149.2871,167.038
"166","Percent live","Guana Tolomato Matanzas National Estuarine Research Reserve","Natural","NA","Exact",2,"c(4000, 5017)","GLMMs/AllDates/gtmn_pct_glmm6.rds","fixed","cond",NA,"Region.yTolomatoRiver",49.0726214767616,7.07602476681856,34.7533625,63.5361375
"167","Percent live","Guana Tolomato Matanzas National Estuarine Research Reserve","Natural","NA","Exact",2,"c(4000, 5017)","GLMMs/AllDates/gtmn_pct_glmm6.rds","fixed","cond",NA,"RelYear:Region.yFortMatanzas",0.213711781334333,0.0422807354063752,0.1248349,0.293664725
"168","Percent live","Guana Tolomato Matanzas National Estuarine Research Reserve","Natural","NA","Exact",2,"c(4000, 5017)","GLMMs/AllDates/gtmn_pct_glmm6.rds","fixed","cond",NA,"RelYear:Region.yGuanaRiver",-0.0450165311213118,0.0197736920185741,-0.0847411,-0.00486732275000004
"169","Percent live","Guana Tolomato Matanzas National Estuarine Research Reserve","Natural","NA","Exact",2,"c(4000, 5017)","GLMMs/AllDates/gtmn_pct_glmm6.rds","fixed","cond",NA,"RelYear:Region.yPellicerFlats",-0.149159331109445,0.0407013636238541,-0.2274871,-0.0748912350000001
"170","Percent live","Guana Tolomato Matanzas National Estuarine Research Reserve","Natural","NA","Exact",2,"c(4000, 5017)","GLMMs/AllDates/gtmn_pct_glmm6.rds","fixed","cond",NA,"RelYear:Region.ySaltRun",0.405188323463268,0.0331880511446943,0.342957225,0.468745075
"171","Percent live","Guana Tolomato Matanzas National Estuarine Research Reserve","Natural","NA","Exact",2,"c(4000, 5017)","GLMMs/AllDates/gtmn_pct_glmm6.rds","fixed","cond",NA,"RelYear:Region.ySt.Augustine",-0.198882221641679,0.799119108187469,-1.5391365,1.37473775
"172","Percent live","Guana Tolomato Matanzas National Estuarine Research Reserve","Natural","NA","Exact",2,"c(4000, 5017)","GLMMs/AllDates/gtmn_pct_glmm6.rds","fixed","cond",NA,"RelYear:Region.yTolomatoRiver",-0.453996369190405,0.065168631908073,-0.5868825,-0.322064625
"173","Percent live","Guana Tolomato Matanzas National Estuarine Research Reserve","Natural","NA","Exact",2,"c(4000, 5017)","GLMMs/AllDates/gtmn_pct_glmm6.rds","ran_pars","cond","UniversalReefID","sd__(Intercept)",0.700312275487256,0.0349722886714657,0.63854585,0.7781235
"174","Percent live","Lemon Bay Aquatic Preserve","Natural","NA","Exact",2,"c(972, 5035)","GLMMs/AllDates/lb_pct_glmm6.rds","fixed","cond",NA,"(Intercept)",-0.271630814252999,0.599212196543675,-1.4514145,0.873786625
"175","Percent live","Lemon Bay Aquatic Preserve","Natural","NA","Exact",2,"c(972, 5035)","GLMMs/AllDates/lb_pct_glmm6.rds","fixed","cond",NA,"RelYear",0.00884665278035232,0.0130936942134157,-0.0162955675,0.034215915
"176","Percent live","Lemon Bay Aquatic Preserve","Natural","NA","Exact",2,"c(972, 5035)","GLMMs/AllDates/lb_pct_glmm6.rds","ran_pars","cond","ReefIdentifier","sd__RelYear",0.0202139545464768,0.00647629661036168,0.011044685,0.0366112674999999
