AreaID,ManagedAreaName,Year,ParameterName,RelativeDepth,ActivityType,N_Total,N_AnalysisUse,N_H,perc_H,N_I,perc_I,N_Q,perc_Q,N_S,perc_S,N_U,perc_U
1,Alligator Harbor Aquatic Preserve,,Total Nitrogen,Bottom,Lab,1,0,0,0,0,0,0,0,0,0,0,0
2,Apalachicola Bay Aquatic Preserve,2000,Total Nitrogen,Bottom,Lab,16,0,0,0,0,0,0,0,0,0,0,0
2,Apalachicola Bay Aquatic Preserve,2001,Total Nitrogen,Bottom,Lab,22,0,0,0,0,0,0,0,0,0,0,0
2,Apalachicola Bay Aquatic Preserve,2002,Total Nitrogen,Bottom,Lab,20,0,0,0,0,0,0,0,0,0,0,0
2,Apalachicola Bay Aquatic Preserve,2018,Total Nitrogen,Bottom,Lab,3,0,0,0,0,0,0,0,0,0,0,0
2,Apalachicola Bay Aquatic Preserve,2020,Total Nitrogen,Bottom,Lab,1,0,0,0,0,0,0,0,0,0,0,0
2,Apalachicola Bay Aquatic Preserve,2021,Total Nitrogen,Bottom,Lab,2,0,0,0,0,0,0,0,0,0,0,0
2,Apalachicola Bay Aquatic Preserve,2022,Total Nitrogen,Bottom,Lab,3,0,0,0,0,0,0,0,0,0,0,0
3,Apalachicola National Estuarine Research Reserve,2000,Total Nitrogen,Bottom,Lab,21,0,0,0,0,0,0,0,0,0,0,0
3,Apalachicola National Estuarine Research Reserve,2001,Total Nitrogen,Bottom,Lab,29,0,0,0,0,0,0,0,0,0,0,0
3,Apalachicola National Estuarine Research Reserve,2002,Total Nitrogen,Bottom,Lab,27,0,0,0,0,0,0,0,0,0,0,0
3,Apalachicola National Estuarine Research Reserve,2018,Total Nitrogen,Bottom,Lab,3,0,0,0,0,0,0,0,0,0,0,0
3,Apalachicola National Estuarine Research Reserve,2020,Total Nitrogen,Bottom,Lab,1,0,0,0,0,0,0,0,0,0,0,0
3,Apalachicola National Estuarine Research Reserve,2021,Total Nitrogen,Bottom,Lab,2,0,0,0,0,0,0,0,0,0,0,0
3,Apalachicola National Estuarine Research Reserve,2022,Total Nitrogen,Bottom,Lab,3,0,0,0,0,0,0,0,0,0,0,0
4,Banana River Aquatic Preserve,2004,Total Nitrogen,Bottom,Lab,2,0,0,0,0,0,0,0,0,0,0,0
4,Banana River Aquatic Preserve,2020,Total Nitrogen,Bottom,Lab,15,0,0,0,0,0,0,0,0,0,0,0
4,Banana River Aquatic Preserve,2021,Total Nitrogen,Bottom,Lab,25,0,0,0,0,0,0,0,0,0,0,0
4,Banana River Aquatic Preserve,2022,Total Nitrogen,Bottom,Lab,17,0,0,0,0,0,0,0,0,0,0,0
5,Big Bend Seagrasses Aquatic Preserve,1997,Total Nitrogen,Bottom,Lab,1,1,0,0,0,0,0,0,0,0,0,0
5,Big Bend Seagrasses Aquatic Preserve,1998,Total Nitrogen,Bottom,Lab,6,6,0,0,0,0,0,0,0,0,0,0
5,Big Bend Seagrasses Aquatic Preserve,1999,Total Nitrogen,Bottom,Lab,18,18,0,0,0,0,0,0,0,0,0,0
5,Big Bend Seagrasses Aquatic Preserve,2000,Total Nitrogen,Bottom,Lab,16,16,0,0,0,0,0,0,0,0,0,0
5,Big Bend Seagrasses Aquatic Preserve,2001,Total Nitrogen,Bottom,Lab,20,20,0,0,0,0,0,0,0,0,0,0
5,Big Bend Seagrasses Aquatic Preserve,2002,Total Nitrogen,Bottom,Lab,21,21,0,0,0,0,0,0,0,0,0,0
5,Big Bend Seagrasses Aquatic Preserve,2003,Total Nitrogen,Bottom,Lab,3,3,0,0,0,0,0,0,0,0,0,0
5,Big Bend Seagrasses Aquatic Preserve,2012,Total Nitrogen,Bottom,Lab,1,1,0,0,0,0,0,0,0,0,0,0
5,Big Bend Seagrasses Aquatic Preserve,2016,Total Nitrogen,Bottom,Lab,1,1,0,0,0,0,0,0,0,0,0,0
5,Big Bend Seagrasses Aquatic Preserve,2017,Total Nitrogen,Bottom,Lab,9,9,0,0,0,0,0,0,0,0,0,0
5,Big Bend Seagrasses Aquatic Preserve,2018,Total Nitrogen,Bottom,Lab,28,28,0,0,0,0,0,0,0,0,0,0
5,Big Bend Seagrasses Aquatic Preserve,2019,Total Nitrogen,Bottom,Lab,9,9,0,0,0,0,0,0,0,0,0,0
5,Big Bend Seagrasses Aquatic Preserve,2020,Total Nitrogen,Bottom,Lab,5,5,0,0,0,0,0,0,0,0,0,0
5,Big Bend Seagrasses Aquatic Preserve,2021,Total Nitrogen,Bottom,Lab,4,4,0,0,0,0,0,0,0,0,0,0
5,Big Bend Seagrasses Aquatic Preserve,2022,Total Nitrogen,Bottom,Lab,1,1,0,0,0,0,0,0,0,0,0,0
7,Biscayne Bay-Cape Florida to Monroe County Line Aquatic Preserve,,Total Nitrogen,Bottom,Lab,1,0,0,0,0,0,0,0,0,0,0,0
6,Biscayne Bay Aquatic Preserve,2019,Total Nitrogen,Bottom,Lab,143,0,0,0,0,0,0,0,0,0,0,0
6,Biscayne Bay Aquatic Preserve,2020,Total Nitrogen,Bottom,Lab,174,0,0,0,0,0,0,0,0,0,0,0
6,Biscayne Bay Aquatic Preserve,2021,Total Nitrogen,Bottom,Lab,15,0,0,0,0,0,0,0,0,0,0,0
6,Biscayne Bay Aquatic Preserve,2022,Total Nitrogen,Bottom,Lab,1,0,0,0,0,0,0,0,0,0,0,0
8,Boca Ciega Bay Aquatic Preserve,1999,Total Nitrogen,Bottom,Lab,2,0,0,0,0,0,0,0,0,0,0,0
8,Boca Ciega Bay Aquatic Preserve,2001,Total Nitrogen,Bottom,Lab,1,0,0,0,0,0,0,0,0,0,0,0
8,Boca Ciega Bay Aquatic Preserve,2002,Total Nitrogen,Bottom,Lab,1,0,0,0,0,0,0,0,0,0,0,0
8,Boca Ciega Bay Aquatic Preserve,2004,Total Nitrogen,Bottom,Lab,2,0,0,0,0,0,0,0,0,0,0,0
8,Boca Ciega Bay Aquatic Preserve,2020,Total Nitrogen,Bottom,Lab,34,0,0,0,0,0,0,0,0,0,0,0
8,Boca Ciega Bay Aquatic Preserve,2021,Total Nitrogen,Bottom,Lab,48,0,0,0,0,0,0,0,0,0,0,0
8,Boca Ciega Bay Aquatic Preserve,2022,Total Nitrogen,Bottom,Lab,10,0,0,0,0,0,0,0,0,0,0,0
9,Cape Haze Aquatic Preserve,2010,Total Nitrogen,Bottom,Lab,7,7,0,0,0,0,0,0,0,0,0,0
9,Cape Haze Aquatic Preserve,2011,Total Nitrogen,Bottom,Lab,9,9,0,0,0,0,0,0,0,0,0,0
9,Cape Haze Aquatic Preserve,2012,Total Nitrogen,Bottom,Lab,16,16,0,0,0,0,0,0,0,0,0,0
9,Cape Haze Aquatic Preserve,2013,Total Nitrogen,Bottom,Lab,13,13,0,0,0,0,0,0,0,0,0,0
9,Cape Haze Aquatic Preserve,2014,Total Nitrogen,Bottom,Lab,15,15,0,0,0,0,0,0,0,0,0,0
9,Cape Haze Aquatic Preserve,2015,Total Nitrogen,Bottom,Lab,2,2,0,0,0,0,0,0,0,0,0,0
9,Cape Haze Aquatic Preserve,2020,Total Nitrogen,Bottom,Lab,8,8,0,0,0,0,0,0,0,0,0,0
9,Cape Haze Aquatic Preserve,2021,Total Nitrogen,Bottom,Lab,9,9,0,0,0,0,0,0,0,0,0,0
9,Cape Haze Aquatic Preserve,2022,Total Nitrogen,Bottom,Lab,6,6,0,0,0,0,0,0,0,0,0,0
9,Cape Haze Aquatic Preserve,2023,Total Nitrogen,Bottom,Lab,1,1,0,0,0,0,0,0,0,0,0,0
10,Cape Romano-Ten Thousand Islands Aquatic Preserve,1994,Total Nitrogen,Bottom,Lab,2,0,0,0,0,0,0,0,0,0,0,0
10,Cape Romano-Ten Thousand Islands Aquatic Preserve,2002,Total Nitrogen,Bottom,Lab,3,0,0,0,0,0,0,0,0,0,0,0
10,Cape Romano-Ten Thousand Islands Aquatic Preserve,2021,Total Nitrogen,Bottom,Lab,4,0,0,0,0,0,0,0,0,0,0,0
10,Cape Romano-Ten Thousand Islands Aquatic Preserve,2022,Total Nitrogen,Bottom,Lab,17,0,0,0,0,0,0,0,0,0,0,0
10,Cape Romano-Ten Thousand Islands Aquatic Preserve,2023,Total Nitrogen,Bottom,Lab,7,0,0,0,0,0,0,0,0,0,0,0
11,Cockroach Bay Aquatic Preserve,2020,Total Nitrogen,Bottom,Lab,7,0,0,0,0,0,0,0,0,0,0,0
11,Cockroach Bay Aquatic Preserve,2021,Total Nitrogen,Bottom,Lab,16,0,0,0,0,0,0,0,0,0,0,0
11,Cockroach Bay Aquatic Preserve,2022,Total Nitrogen,Bottom,Lab,16,0,0,0,0,0,0,0,0,0,0,0
11,Cockroach Bay Aquatic Preserve,2023,Total Nitrogen,Bottom,Lab,5,0,0,0,0,0,0,0,0,0,0,0
13,Coupon Bight Aquatic Preserve,,Total Nitrogen,Bottom,Lab,1,0,0,0,0,0,0,0,0,0,0,0
14,Estero Bay Aquatic Preserve,2004,Total Nitrogen,Bottom,Lab,1,0,0,0,0,0,0,0,0,0,0,0
14,Estero Bay Aquatic Preserve,2017,Total Nitrogen,Bottom,Lab,6,0,0,0,0,0,0,0,0,0,0,0
14,Estero Bay Aquatic Preserve,2018,Total Nitrogen,Bottom,Lab,17,0,0,0,0,0,0,0,0,0,0,0
14,Estero Bay Aquatic Preserve,2019,Total Nitrogen,Bottom,Lab,24,0,0,0,0,0,0,0,0,0,0,0
14,Estero Bay Aquatic Preserve,2020,Total Nitrogen,Bottom,Lab,16,0,0,0,0,0,0,0,0,0,0,0
14,Estero Bay Aquatic Preserve,2021,Total Nitrogen,Bottom,Lab,34,0,0,0,0,0,0,0,0,0,0,0
14,Estero Bay Aquatic Preserve,2022,Total Nitrogen,Bottom,Lab,22,0,0,0,0,0,0,0,0,0,0,0
14,Estero Bay Aquatic Preserve,2023,Total Nitrogen,Bottom,Lab,1,0,0,0,0,0,0,0,0,0,0,0
15,Florida Keys National Marine Sanctuary,1995,Total Nitrogen,Bottom,Lab,238,238,0,0,0,0,0,0,0,0,0,0
15,Florida Keys National Marine Sanctuary,1996,Total Nitrogen,Bottom,Lab,248,248,0,0,0,0,0,0,0,0,0,0
15,Florida Keys National Marine Sanctuary,1997,Total Nitrogen,Bottom,Lab,317,317,0,0,0,0,0,0,0,0,0,0
15,Florida Keys National Marine Sanctuary,1998,Total Nitrogen,Bottom,Lab,295,295,0,0,0,0,0,0,0,0,0,0
15,Florida Keys National Marine Sanctuary,1999,Total Nitrogen,Bottom,Lab,315,315,0,0,0,0,0,0,0,0,0,0
15,Florida Keys National Marine Sanctuary,2000,Total Nitrogen,Bottom,Lab,324,324,0,0,0,0,0,0,0,0,0,0
15,Florida Keys National Marine Sanctuary,2001,Total Nitrogen,Bottom,Lab,322,322,0,0,0,0,0,0,0,0,0,0
15,Florida Keys National Marine Sanctuary,2002,Total Nitrogen,Bottom,Lab,320,320,0,0,0,0,0,0,0,0,0,0
15,Florida Keys National Marine Sanctuary,2003,Total Nitrogen,Bottom,Lab,318,318,0,0,0,0,0,0,0,0,0,0
15,Florida Keys National Marine Sanctuary,2004,Total Nitrogen,Bottom,Lab,315,315,0,0,0,0,0,0,0,0,0,0
15,Florida Keys National Marine Sanctuary,2005,Total Nitrogen,Bottom,Lab,323,323,0,0,0,0,0,0,0,0,0,0
15,Florida Keys National Marine Sanctuary,2006,Total Nitrogen,Bottom,Lab,323,323,0,0,0,0,0,0,0,0,0,0
15,Florida Keys National Marine Sanctuary,2007,Total Nitrogen,Bottom,Lab,321,321,0,0,0,0,0,0,0,0,0,0
15,Florida Keys National Marine Sanctuary,2008,Total Nitrogen,Bottom,Lab,324,324,0,0,0,0,0,0,0,0,0,0
15,Florida Keys National Marine Sanctuary,2009,Total Nitrogen,Bottom,Lab,326,326,0,0,0,0,0,0,0,0,0,0
15,Florida Keys National Marine Sanctuary,2010,Total Nitrogen,Bottom,Lab,323,323,0,0,0,0,0,0,0,0,0,0
15,Florida Keys National Marine Sanctuary,2011,Total Nitrogen,Bottom,Lab,320,320,0,0,0,0,0,0,0,0,0,0
15,Florida Keys National Marine Sanctuary,2012,Total Nitrogen,Bottom,Lab,256,256,0,0,0,0,0,0,0,0,0,0
15,Florida Keys National Marine Sanctuary,2013,Total Nitrogen,Bottom,Lab,257,257,0,0,0,0,0,0,0,0,0,0
15,Florida Keys National Marine Sanctuary,2014,Total Nitrogen,Bottom,Lab,254,254,0,0,0,0,0,0,0,0,0,0
15,Florida Keys National Marine Sanctuary,2015,Total Nitrogen,Bottom,Lab,256,256,0,0,0,0,0,0,0,0,0,0
15,Florida Keys National Marine Sanctuary,2016,Total Nitrogen,Bottom,Lab,255,255,0,0,0,0,0,0,0,0,0,0
15,Florida Keys National Marine Sanctuary,2017,Total Nitrogen,Bottom,Lab,257,257,0,0,0,0,0,0,0,0,0,0
15,Florida Keys National Marine Sanctuary,2018,Total Nitrogen,Bottom,Lab,256,256,0,0,0,0,0,0,0,0,0,0
15,Florida Keys National Marine Sanctuary,2019,Total Nitrogen,Bottom,Lab,198,198,0,0,0,0,0,0,0,0,0,0
15,Florida Keys National Marine Sanctuary,2020,Total Nitrogen,Bottom,Lab,400,400,0,0,0,0,0,0,0,0,0,0
15,Florida Keys National Marine Sanctuary,2021,Total Nitrogen,Bottom,Lab,134,134,0,0,0,0,0,0,0,0,0,0
15,Florida Keys National Marine Sanctuary,2022,Total Nitrogen,Bottom,Lab,2,2,0,0,0,0,0,0,0,0,0,0
16,Fort Clinch State Park Aquatic Preserve,,Total Nitrogen,Bottom,Lab,1,0,0,0,0,0,0,0,0,0,0,0
17,Fort Pickens State Park Aquatic Preserve,,Total Nitrogen,Bottom,Lab,1,0,0,0,0,0,0,0,0,0,0,0
18,Gasparilla Sound-Charlotte Harbor Aquatic Preserve,1996,Total Nitrogen,Bottom,Lab,10,10,0,0,0,0,0,0,0,0,0,0
18,Gasparilla Sound-Charlotte Harbor Aquatic Preserve,1997,Total Nitrogen,Bottom,Lab,24,24,0,0,0,0,0,0,0,0,0,0
18,Gasparilla Sound-Charlotte Harbor Aquatic Preserve,1998,Total Nitrogen,Bottom,Lab,24,24,0,0,0,0,0,0,0,0,0,0
18,Gasparilla Sound-Charlotte Harbor Aquatic Preserve,1999,Total Nitrogen,Bottom,Lab,24,24,0,0,0,0,0,0,0,0,0,0
18,Gasparilla Sound-Charlotte Harbor Aquatic Preserve,2000,Total Nitrogen,Bottom,Lab,21,21,0,0,0,0,0,0,0,0,0,0
18,Gasparilla Sound-Charlotte Harbor Aquatic Preserve,2001,Total Nitrogen,Bottom,Lab,25,25,0,0,0,0,0,0,0,0,0,0
18,Gasparilla Sound-Charlotte Harbor Aquatic Preserve,2002,Total Nitrogen,Bottom,Lab,22,22,0,0,0,0,0,0,0,0,0,0
18,Gasparilla Sound-Charlotte Harbor Aquatic Preserve,2003,Total Nitrogen,Bottom,Lab,4,4,0,0,0,0,0,0,0,0,0,0
18,Gasparilla Sound-Charlotte Harbor Aquatic Preserve,2004,Total Nitrogen,Bottom,Lab,4,4,0,0,0,0,0,0,0,0,0,0
18,Gasparilla Sound-Charlotte Harbor Aquatic Preserve,2006,Total Nitrogen,Bottom,Lab,40,40,0,0,0,0,0,0,0,0,0,0
18,Gasparilla Sound-Charlotte Harbor Aquatic Preserve,2007,Total Nitrogen,Bottom,Lab,26,26,0,0,0,0,0,0,0,0,0,0
18,Gasparilla Sound-Charlotte Harbor Aquatic Preserve,2008,Total Nitrogen,Bottom,Lab,24,24,0,0,0,0,0,0,0,0,0,0
18,Gasparilla Sound-Charlotte Harbor Aquatic Preserve,2009,Total Nitrogen,Bottom,Lab,24,24,0,0,2,8.33333333333333,0,0,0,0,0,0
18,Gasparilla Sound-Charlotte Harbor Aquatic Preserve,2010,Total Nitrogen,Bottom,Lab,45,45,0,0,0,0,0,0,0,0,0,0
18,Gasparilla Sound-Charlotte Harbor Aquatic Preserve,2011,Total Nitrogen,Bottom,Lab,58,58,0,0,0,0,0,0,0,0,0,0
18,Gasparilla Sound-Charlotte Harbor Aquatic Preserve,2012,Total Nitrogen,Bottom,Lab,53,53,0,0,0,0,0,0,0,0,0,0
18,Gasparilla Sound-Charlotte Harbor Aquatic Preserve,2013,Total Nitrogen,Bottom,Lab,47,47,0,0,0,0,0,0,0,0,0,0
18,Gasparilla Sound-Charlotte Harbor Aquatic Preserve,2014,Total Nitrogen,Bottom,Lab,58,58,0,0,0,0,0,0,0,0,0,0
18,Gasparilla Sound-Charlotte Harbor Aquatic Preserve,2015,Total Nitrogen,Bottom,Lab,53,53,0,0,0,0,0,0,0,0,0,0
18,Gasparilla Sound-Charlotte Harbor Aquatic Preserve,2016,Total Nitrogen,Bottom,Lab,25,25,0,0,0,0,0,0,0,0,0,0
18,Gasparilla Sound-Charlotte Harbor Aquatic Preserve,2017,Total Nitrogen,Bottom,Lab,8,8,0,0,0,0,0,0,0,0,0,0
18,Gasparilla Sound-Charlotte Harbor Aquatic Preserve,2018,Total Nitrogen,Bottom,Lab,26,26,0,0,0,0,0,0,0,0,0,0
18,Gasparilla Sound-Charlotte Harbor Aquatic Preserve,2019,Total Nitrogen,Bottom,Lab,27,27,0,0,0,0,0,0,0,0,0,0
18,Gasparilla Sound-Charlotte Harbor Aquatic Preserve,2020,Total Nitrogen,Bottom,Lab,119,119,0,0,0,0,0,0,0,0,1,0.840336134453782
18,Gasparilla Sound-Charlotte Harbor Aquatic Preserve,2021,Total Nitrogen,Bottom,Lab,106,106,0,0,0,0,1,0.943396226415094,0,0,0,0
18,Gasparilla Sound-Charlotte Harbor Aquatic Preserve,2022,Total Nitrogen,Bottom,Lab,72,72,0,0,0,0,0,0,0,0,0,0
18,Gasparilla Sound-Charlotte Harbor Aquatic Preserve,2023,Total Nitrogen,Bottom,Lab,6,6,0,0,0,0,0,0,0,0,0,0
19,Guana River Marsh Aquatic Preserve,2018,Total Nitrogen,Bottom,Lab,22,0,0,0,0,0,0,0,0,0,0,0
19,Guana River Marsh Aquatic Preserve,2019,Total Nitrogen,Bottom,Lab,18,0,0,0,0,0,0,0,0,0,0,0
19,Guana River Marsh Aquatic Preserve,2020,Total Nitrogen,Bottom,Lab,21,0,0,0,0,0,0,0,0,0,0,0
19,Guana River Marsh Aquatic Preserve,2021,Total Nitrogen,Bottom,Lab,20,0,0,0,0,0,0,0,0,0,0,0
19,Guana River Marsh Aquatic Preserve,2022,Total Nitrogen,Bottom,Lab,32,0,0,0,0,0,0,0,0,0,0,0
19,Guana River Marsh Aquatic Preserve,2023,Total Nitrogen,Bottom,Lab,1,0,0,0,0,0,0,0,0,0,0,0
20,Guana Tolomato Matanzas National Estuarine Research Reserve,1999,Total Nitrogen,Bottom,Lab,1,0,0,0,0,0,0,0,0,0,0,0
20,Guana Tolomato Matanzas National Estuarine Research Reserve,2005,Total Nitrogen,Bottom,Lab,1,0,0,0,0,0,0,0,0,0,0,0
20,Guana Tolomato Matanzas National Estuarine Research Reserve,2018,Total Nitrogen,Bottom,Lab,22,0,0,0,0,0,0,0,0,0,0,0
20,Guana Tolomato Matanzas National Estuarine Research Reserve,2019,Total Nitrogen,Bottom,Lab,18,0,0,0,0,0,0,0,0,0,0,0
20,Guana Tolomato Matanzas National Estuarine Research Reserve,2020,Total Nitrogen,Bottom,Lab,32,0,0,0,0,0,0,0,0,0,0,0
20,Guana Tolomato Matanzas National Estuarine Research Reserve,2021,Total Nitrogen,Bottom,Lab,33,0,0,0,0,0,0,0,0,0,0,0
20,Guana Tolomato Matanzas National Estuarine Research Reserve,2022,Total Nitrogen,Bottom,Lab,38,0,0,0,0,0,0,0,0,0,0,0
20,Guana Tolomato Matanzas National Estuarine Research Reserve,2023,Total Nitrogen,Bottom,Lab,2,0,0,0,0,0,0,0,0,0,0,0
21,Indian River-Malabar to Vero Beach Aquatic Preserve,2003,Total Nitrogen,Bottom,Lab,1,0,0,0,0,0,0,0,0,0,0,0
21,Indian River-Malabar to Vero Beach Aquatic Preserve,2020,Total Nitrogen,Bottom,Lab,13,0,0,0,0,0,0,0,0,0,0,0
21,Indian River-Malabar to Vero Beach Aquatic Preserve,2021,Total Nitrogen,Bottom,Lab,17,0,0,0,0,0,0,0,0,0,0,0
21,Indian River-Malabar to Vero Beach Aquatic Preserve,2022,Total Nitrogen,Bottom,Lab,14,0,0,0,0,0,0,0,0,0,0,0
21,Indian River-Malabar to Vero Beach Aquatic Preserve,2023,Total Nitrogen,Bottom,Lab,1,0,0,0,0,0,0,0,0,0,0,0
22,Indian River-Vero Beach to Ft. Pierce Aquatic Preserve,2002,Total Nitrogen,Bottom,Lab,1,0,0,0,0,0,0,0,0,0,0,0
22,Indian River-Vero Beach to Ft. Pierce Aquatic Preserve,2020,Total Nitrogen,Bottom,Lab,4,0,0,0,0,0,0,0,0,0,0,0
22,Indian River-Vero Beach to Ft. Pierce Aquatic Preserve,2021,Total Nitrogen,Bottom,Lab,6,0,0,0,0,0,0,0,0,0,0,0
22,Indian River-Vero Beach to Ft. Pierce Aquatic Preserve,2022,Total Nitrogen,Bottom,Lab,10,0,0,0,0,0,0,0,0,0,0,0
22,Indian River-Vero Beach to Ft. Pierce Aquatic Preserve,2023,Total Nitrogen,Bottom,Lab,2,0,0,0,0,0,0,0,0,0,0,0
23,Jensen Beach to Jupiter Inlet Aquatic Preserve,2007,Total Nitrogen,Bottom,Lab,1,0,0,0,0,0,0,0,0,0,0,0
23,Jensen Beach to Jupiter Inlet Aquatic Preserve,2019,Total Nitrogen,Bottom,Lab,1,0,0,0,0,0,0,0,0,0,0,0
23,Jensen Beach to Jupiter Inlet Aquatic Preserve,2021,Total Nitrogen,Bottom,Lab,9,0,0,0,0,0,0,0,0,0,0,0
23,Jensen Beach to Jupiter Inlet Aquatic Preserve,2022,Total Nitrogen,Bottom,Lab,44,0,0,0,0,0,0,0,0,0,0,0
23,Jensen Beach to Jupiter Inlet Aquatic Preserve,2023,Total Nitrogen,Bottom,Lab,16,0,0,0,0,0,0,0,0,0,0,0
25,Lemon Bay Aquatic Preserve,2011,Total Nitrogen,Bottom,Lab,1,1,0,0,0,0,0,0,0,0,0,0
25,Lemon Bay Aquatic Preserve,2012,Total Nitrogen,Bottom,Lab,7,7,0,0,0,0,0,0,0,0,0,0
25,Lemon Bay Aquatic Preserve,2013,Total Nitrogen,Bottom,Lab,10,10,0,0,0,0,0,0,0,0,0,0
25,Lemon Bay Aquatic Preserve,2014,Total Nitrogen,Bottom,Lab,9,9,0,0,0,0,0,0,0,0,0,0
25,Lemon Bay Aquatic Preserve,2015,Total Nitrogen,Bottom,Lab,9,9,0,0,0,0,0,0,0,0,0,0
25,Lemon Bay Aquatic Preserve,2016,Total Nitrogen,Bottom,Lab,2,2,0,0,0,0,0,0,0,0,0,0
25,Lemon Bay Aquatic Preserve,2017,Total Nitrogen,Bottom,Lab,6,6,0,0,0,0,0,0,0,0,0,0
25,Lemon Bay Aquatic Preserve,2018,Total Nitrogen,Bottom,Lab,16,16,0,0,0,0,0,0,0,0,0,0
25,Lemon Bay Aquatic Preserve,2019,Total Nitrogen,Bottom,Lab,17,17,0,0,0,0,0,0,0,0,0,0
25,Lemon Bay Aquatic Preserve,2020,Total Nitrogen,Bottom,Lab,30,30,0,0,0,0,0,0,0,0,0,0
25,Lemon Bay Aquatic Preserve,2021,Total Nitrogen,Bottom,Lab,60,60,0,0,0,0,0,0,0,0,0,0
25,Lemon Bay Aquatic Preserve,2022,Total Nitrogen,Bottom,Lab,43,43,0,0,0,0,0,0,0,0,0,0
25,Lemon Bay Aquatic Preserve,2023,Total Nitrogen,Bottom,Lab,5,5,0,0,0,0,0,0,0,0,0,0
26,Lignumvitae Key Aquatic Preserve,2020,Total Nitrogen,Bottom,Lab,7,0,0,0,0,0,0,0,0,0,0,0
26,Lignumvitae Key Aquatic Preserve,2021,Total Nitrogen,Bottom,Lab,11,0,0,0,0,0,0,0,0,0,0,0
27,Loxahatchee River-Lake Worth Creek Aquatic Preserve,1993,Total Nitrogen,Bottom,Lab,1,0,0,0,0,0,0,0,0,0,0,0
27,Loxahatchee River-Lake Worth Creek Aquatic Preserve,2013,Total Nitrogen,Bottom,Lab,1,0,0,0,0,0,0,0,0,0,0,0
27,Loxahatchee River-Lake Worth Creek Aquatic Preserve,2015,Total Nitrogen,Bottom,Lab,1,0,0,0,0,0,0,0,0,0,0,0
27,Loxahatchee River-Lake Worth Creek Aquatic Preserve,2017,Total Nitrogen,Bottom,Lab,1,0,0,0,0,0,0,0,0,0,0,0
27,Loxahatchee River-Lake Worth Creek Aquatic Preserve,2023,Total Nitrogen,Bottom,Lab,3,0,0,0,0,0,0,0,0,0,0,0
28,Matlacha Pass Aquatic Preserve,2007,Total Nitrogen,Bottom,Lab,4,0,0,0,0,0,0,0,0,0,0,0
28,Matlacha Pass Aquatic Preserve,2008,Total Nitrogen,Bottom,Lab,19,0,0,0,0,0,0,0,0,0,0,0
28,Matlacha Pass Aquatic Preserve,2009,Total Nitrogen,Bottom,Lab,22,0,0,0,0,0,0,0,0,0,0,0
28,Matlacha Pass Aquatic Preserve,2010,Total Nitrogen,Bottom,Lab,27,0,0,0,0,0,0,0,0,0,0,0
28,Matlacha Pass Aquatic Preserve,2019,Total Nitrogen,Bottom,Lab,2,0,0,0,0,0,0,0,0,0,0,0
28,Matlacha Pass Aquatic Preserve,2021,Total Nitrogen,Bottom,Lab,15,0,0,0,0,0,0,0,0,0,0,0
28,Matlacha Pass Aquatic Preserve,2022,Total Nitrogen,Bottom,Lab,27,0,0,0,0,0,0,0,0,0,0,0
29,Mosquito Lagoon Aquatic Preserve,1998,Total Nitrogen,Bottom,Lab,1,0,0,0,0,0,0,0,0,0,0,0
29,Mosquito Lagoon Aquatic Preserve,2020,Total Nitrogen,Bottom,Lab,5,0,0,0,0,0,0,0,0,0,0,0
29,Mosquito Lagoon Aquatic Preserve,2021,Total Nitrogen,Bottom,Lab,8,0,0,0,0,0,0,0,0,0,0,0
29,Mosquito Lagoon Aquatic Preserve,2022,Total Nitrogen,Bottom,Lab,6,0,0,0,0,0,0,0,0,0,0,0
30,Nassau River-St. Johns River Marshes Aquatic Preserve,2001,Total Nitrogen,Bottom,Lab,1,0,0,0,0,0,0,0,0,0,0,0
30,Nassau River-St. Johns River Marshes Aquatic Preserve,2015,Total Nitrogen,Bottom,Lab,1,0,0,0,0,0,0,0,0,0,0,0
30,Nassau River-St. Johns River Marshes Aquatic Preserve,2020,Total Nitrogen,Bottom,Lab,1,0,0,0,0,0,0,0,0,0,0,0
30,Nassau River-St. Johns River Marshes Aquatic Preserve,2021,Total Nitrogen,Bottom,Lab,1,0,0,0,0,0,0,0,0,0,0,0
48,Nature Coast Aquatic Preserve,2007,Total Nitrogen,Bottom,Lab,77,0,0,0,0,0,0,0,0,0,0,0
48,Nature Coast Aquatic Preserve,2008,Total Nitrogen,Bottom,Lab,206,0,0,0,0,0,0,0,0,0,0,0
48,Nature Coast Aquatic Preserve,2009,Total Nitrogen,Bottom,Lab,181,0,0,0,0,0,0,0,0,0,0,0
48,Nature Coast Aquatic Preserve,2015,Total Nitrogen,Bottom,Lab,60,0,0,0,0,0,0,0,0,0,0,0
48,Nature Coast Aquatic Preserve,2020,Total Nitrogen,Bottom,Lab,4,0,0,0,0,0,0,0,0,0,0,0
31,North Fork St. Lucie Aquatic Preserve,2005,Total Nitrogen,Bottom,Lab,2,0,0,0,0,0,0,0,0,0,0,0
31,North Fork St. Lucie Aquatic Preserve,2021,Total Nitrogen,Bottom,Lab,5,0,0,0,0,0,0,0,0,0,0,0
31,North Fork St. Lucie Aquatic Preserve,2022,Total Nitrogen,Bottom,Lab,9,0,0,0,0,0,0,0,0,0,0,0
31,North Fork St. Lucie Aquatic Preserve,2023,Total Nitrogen,Bottom,Lab,2,0,0,0,0,0,0,0,0,0,0,0
33,Pellicer Creek Aquatic Preserve,2020,Total Nitrogen,Bottom,Lab,5,0,0,0,0,0,0,0,0,0,0,0
33,Pellicer Creek Aquatic Preserve,2021,Total Nitrogen,Bottom,Lab,1,0,0,0,0,0,0,0,0,0,0,0
34,Pine Island Sound Aquatic Preserve,2017,Total Nitrogen,Bottom,Lab,7,0,0,0,0,0,0,0,0,0,0,0
34,Pine Island Sound Aquatic Preserve,2018,Total Nitrogen,Bottom,Lab,6,0,0,0,0,0,0,0,0,0,0,0
34,Pine Island Sound Aquatic Preserve,2019,Total Nitrogen,Bottom,Lab,14,0,0,0,0,0,0,0,0,0,0,0
34,Pine Island Sound Aquatic Preserve,2020,Total Nitrogen,Bottom,Lab,10,0,0,0,0,0,0,0,0,0,0,0
34,Pine Island Sound Aquatic Preserve,2021,Total Nitrogen,Bottom,Lab,19,0,0,0,0,0,0,0,0,0,0,0
34,Pine Island Sound Aquatic Preserve,2022,Total Nitrogen,Bottom,Lab,8,0,0,0,0,0,0,0,0,0,0,0
35,Pinellas County Aquatic Preserve,1999,Total Nitrogen,Bottom,Lab,3,3,0,0,0,0,0,0,0,0,0,0
35,Pinellas County Aquatic Preserve,2000,Total Nitrogen,Bottom,Lab,2,2,0,0,0,0,0,0,0,0,0,0
35,Pinellas County Aquatic Preserve,2001,Total Nitrogen,Bottom,Lab,4,4,0,0,0,0,0,0,0,0,0,0
35,Pinellas County Aquatic Preserve,2002,Total Nitrogen,Bottom,Lab,1,1,0,0,0,0,0,0,0,0,0,0
35,Pinellas County Aquatic Preserve,2009,Total Nitrogen,Bottom,Lab,1,1,0,0,0,0,0,0,0,0,0,0
35,Pinellas County Aquatic Preserve,2010,Total Nitrogen,Bottom,Lab,3,3,0,0,0,0,0,0,0,0,0,0
35,Pinellas County Aquatic Preserve,2012,Total Nitrogen,Bottom,Lab,2,2,0,0,0,0,0,0,0,0,0,0
35,Pinellas County Aquatic Preserve,2015,Total Nitrogen,Bottom,Lab,1,1,0,0,0,0,0,0,0,0,0,0
35,Pinellas County Aquatic Preserve,2017,Total Nitrogen,Bottom,Lab,1,1,0,0,0,0,0,0,0,0,0,0
35,Pinellas County Aquatic Preserve,2020,Total Nitrogen,Bottom,Lab,152,152,0,0,0,0,0,0,0,0,0,0
35,Pinellas County Aquatic Preserve,2021,Total Nitrogen,Bottom,Lab,250,250,0,0,0,0,0,0,0,0,0,0
35,Pinellas County Aquatic Preserve,2022,Total Nitrogen,Bottom,Lab,89,89,0,0,0,0,0,0,0,0,0,0
35,Pinellas County Aquatic Preserve,2023,Total Nitrogen,Bottom,Lab,9,9,0,0,0,0,0,0,0,0,0,0
37,Rocky Bayou State Park Aquatic Preserve,,Total Nitrogen,Bottom,Lab,1,0,0,0,0,0,0,0,0,0,0,0
38,Rookery Bay Aquatic Preserve,2002,Total Nitrogen,Bottom,Lab,1,0,0,0,0,0,0,0,0,0,0,0
38,Rookery Bay Aquatic Preserve,2021,Total Nitrogen,Bottom,Lab,2,0,0,0,0,0,0,0,0,0,0,0
38,Rookery Bay Aquatic Preserve,2022,Total Nitrogen,Bottom,Lab,10,0,0,0,0,0,0,0,0,0,0,0
38,Rookery Bay Aquatic Preserve,2023,Total Nitrogen,Bottom,Lab,4,0,0,0,0,0,0,0,0,0,0,0
39,Rookery Bay National Estuarine Research Reserve,1994,Total Nitrogen,Bottom,Lab,2,0,0,0,0,0,0,0,0,0,0,0
39,Rookery Bay National Estuarine Research Reserve,2002,Total Nitrogen,Bottom,Lab,5,0,0,0,0,0,0,0,0,0,0,0
39,Rookery Bay National Estuarine Research Reserve,2021,Total Nitrogen,Bottom,Lab,6,0,0,0,0,0,0,0,0,0,0,0
39,Rookery Bay National Estuarine Research Reserve,2022,Total Nitrogen,Bottom,Lab,27,0,0,0,0,0,0,0,0,0,0,0
39,Rookery Bay National Estuarine Research Reserve,2023,Total Nitrogen,Bottom,Lab,11,0,0,0,0,0,0,0,0,0,0,0
12,Southeast Florida Coral Reef Ecosystem Conservation Area,2009,Total Nitrogen,Bottom,Lab,12,0,0,0,0,0,0,0,0,0,0,0
12,Southeast Florida Coral Reef Ecosystem Conservation Area,2010,Total Nitrogen,Bottom,Lab,62,0,0,0,0,0,0,0,0,0,0,0
12,Southeast Florida Coral Reef Ecosystem Conservation Area,2011,Total Nitrogen,Bottom,Lab,60,0,0,0,0,0,0,0,0,0,0,0
40,St. Andrews State Park Aquatic Preserve,,Total Nitrogen,Bottom,Lab,1,0,0,0,0,0,0,0,0,0,0,0
41,St. Joseph Bay Aquatic Preserve,,Total Nitrogen,Bottom,Lab,1,0,0,0,0,0,0,0,0,0,0,0
42,St. Joseph Bay State Buffer Preserve,,Total Nitrogen,Bottom,Lab,1,0,0,0,0,0,0,0,0,0,0,0
43,St. Martins Marsh Aquatic Preserve,2007,Total Nitrogen,Bottom,Lab,32,0,0,0,0,0,0,0,0,0,0,0
43,St. Martins Marsh Aquatic Preserve,2008,Total Nitrogen,Bottom,Lab,64,0,0,0,0,0,0,0,0,0,0,0
43,St. Martins Marsh Aquatic Preserve,2009,Total Nitrogen,Bottom,Lab,67,0,0,0,0,0,0,0,0,0,0,0
43,St. Martins Marsh Aquatic Preserve,2011,Total Nitrogen,Bottom,Lab,1,0,0,0,0,0,0,0,0,0,0,0
43,St. Martins Marsh Aquatic Preserve,2015,Total Nitrogen,Bottom,Lab,18,0,0,0,2,11.1111111111111,0,0,0,0,0,0
44,Terra Ceia Aquatic Preserve,2000,Total Nitrogen,Bottom,Lab,1,0,0,0,0,0,0,0,0,0,0,0
44,Terra Ceia Aquatic Preserve,2017,Total Nitrogen,Bottom,Lab,1,0,0,0,0,0,0,0,0,0,0,0
44,Terra Ceia Aquatic Preserve,2018,Total Nitrogen,Bottom,Lab,8,0,0,0,0,0,0,0,0,0,0,0
44,Terra Ceia Aquatic Preserve,2019,Total Nitrogen,Bottom,Lab,7,0,0,0,0,0,0,0,0,0,0,0
44,Terra Ceia Aquatic Preserve,2020,Total Nitrogen,Bottom,Lab,7,0,0,0,0,0,0,0,0,0,0,0
44,Terra Ceia Aquatic Preserve,2021,Total Nitrogen,Bottom,Lab,14,0,0,0,0,0,0,0,0,0,0,0
44,Terra Ceia Aquatic Preserve,2022,Total Nitrogen,Bottom,Lab,18,0,0,0,0,0,0,0,0,0,0,0
44,Terra Ceia Aquatic Preserve,2023,Total Nitrogen,Bottom,Lab,3,0,0,0,0,0,0,0,0,0,0,0
45,Tomoka Marsh Aquatic Preserve,2017,Total Nitrogen,Bottom,Lab,1,0,0,0,0,0,0,0,0,0,0,0
45,Tomoka Marsh Aquatic Preserve,2020,Total Nitrogen,Bottom,Lab,20,0,0,0,0,0,0,0,0,0,0,0
45,Tomoka Marsh Aquatic Preserve,2021,Total Nitrogen,Bottom,Lab,33,0,0,0,0,0,0,0,0,0,0,0
45,Tomoka Marsh Aquatic Preserve,2022,Total Nitrogen,Bottom,Lab,2,0,0,0,0,0,0,0,0,0,0,0
47,Yellow River Marsh Aquatic Preserve,,Total Nitrogen,Bottom,Lab,1,0,0,0,0,0,0,0,0,0,0,0
